name,url,organisation,partners,theme,donors,typologies,countries,tool_id
AGRICTRADE,https://agrictrade.net/trade-data/,Agricultural sMarket and Trade Department of the Permanent Interstate Committee for Drought Control in the Sahel (CILSS),,,,Data portal,,1 TTI
Agri Food Data Portal,agridata.ec.europa.euÂ ,European Union,,,,Data portal,EU,2 TTI
AHDB Cereals and oilseed dashboard,https://ahdb.org.uk/cereals-and-oilseeds/trade-dashboard,Agricultural and Horticulatural Develpoment Board (AHDB),,,,Visualisation / dashboard,UK,3 TTI
Beef Market Central,https://beefmarketcentral.com/fccp-app-download-landing-page-18586,Merck Animal Health,Drovers;Responsible Beef,,,Other - Statistics; Digital reports; Data portal,,6 TTI
Beef and Lamb New Zealand,beeflambnz.comÂ ,,,,,Other - Statistics,,7 TTI
Malaysian Palm Oil Board,bepi.mpob.gov.myÂ ,,,,,Other - Statistics,,9 TTI
InTrade Bid,https://www.intradebid.org/visualizaciones,,,,,Visualisation / dashboard,,10 TTI
"Shanghai NCB Consultation Co., Ltd ",https://www.ncbdata.com/import-export-database/,Shanghai NCB Consultation Co,,,SHANGHAI TEND INFORMATION AND TECHNOLOGIES CO.LTD (Tendata),Database,,11 TTI
Cameroon data portal,cameroon.opendataforafrica.orgÂ ,The African Development Bank,,,The African Development Bank,data portal; Visualisation / dashboard; Other - Statistics,Cameroon,12 TTI
Central African Republic data portal,car.opendataforafrica.orgÂ ,The African Development Bank,,,The African Development Bank,Data portal; Visualisation / dashboard; Other - Statistics,Central African Republic,13 TTI
New Zealand government,catalogue.data.govt.nzÂ ,New Zealand Government,,,,Data portal,New Zealand,14 TTI
"African Growth and Opportunity Act ",https://agoa.info/data.html,,,,,Data portal; Other - Statistics; Digital reports; Other - initiative/organisation; Decision-support tool,,15 TTI
Trading economics,https://tradingeconomics.com/analytics/features.aspx?source=footer,,,,,Data portal; Visualisation / dashboard,,16 TTI
Beef trade Dashboard AHDB,https://ahdb.org.uk/trade/tools,,,,,Digital reports; Decision-support tool,UK/EU,17 TTI
Sheep trade Dashboard AHDB,https://ahdb.org.uk/lamb/sheep-meat-trade,,,,,Data portal,UK/EU,18 TTI
Global Agricultural Information Network,https://apps.fas.usda.gov/GATS/default.aspx,,,,,Other - Statistics,,19 TTI
Comex stat,http://comexstat.mdic.gov.br/en/home,,,,,Data portal,Brazil,20 TTI
Com stat,comstat.comesa.intÂ ,,,,,Other - Statistics; Visualisation / dashboard; Data portal,,21 TTI
EU Open Data Portal,data.europa.euÂ ,European Union,,,European Union,Data portal,European Union,23 TTI
National centre for statistics and information,data.gov.omÂ ,National Centre For Statistics & Information Sultanate of Oman,,,,Data portal,Oman,24 TTI
data.gov.ukÂ ,data.gov.ukÂ ,UK Govt,,,,Data source,,25 TTI
Direction of Trade statistics,data.imf.orgÂ ,IMF,,,IMF,Data portal; Other - Statistics,,27 TTI
Intercontinental exchange,https://www.theice.com/index,Intercontinental Exchange,,,,Data services,,29 TTI
data.worldÂ ,data.worldÂ ,,,,,Data services,,31 TTI
World Bank databank and World bank opendata,data.worldbank.orgÂ ,World Bank,,,,Data portal,,32 TTI
WTO Data Portal,data.wto.org,World Trade Organisation,,,World Trade Organisation,Data portal,,33 TTI
TRAINS,https://databank.worldbank.org/reports.aspx?source=UNCTAD-~-Trade-Analysis-Information-System-%28TRAINS%29,,,,,Database,,34 TTI
United States International Trade Commission,dataweb.usitc.gov,,,,,Data portal,USA,35 TTI
I.Stat,dati.istat.itÂ ,,,,,Data source,,36 TTI
Directorate General of Commercial Intelligence and Statistics,dgciskol.gov.in,,,,,Data portal,India,37 TTI
Democratic Republic of the Congo data portal,drcongo.opendataforafrica.orgÂ ,The African Development Bank,,,The African Development Bank,Data portal,Democratic Republic of Congo,38 TTI
China Data Online / Direction of Trade Statistics,https://economics.uwo.ca/china_group/data_statistics.html,Western Social Science Department of Economics,,,,Other - Statistics; Visualisation / dashboard; Other - repository; Library/catalogue,,39 TTI
General Administration of Customs People's Republic of China,http://english.customs.gov.cn/statics/report/preliminary.html,General Administration of Customs People's Republic of China,,,,Other - Statistics,China,40 TTI
Export Potential Map,exportpotential.intracen.orgÂ ,,,,,Decision-support tool; Data portal; Visualisation / dashboard; Data services; Model,,41 TTI
Figure.nz,figure.nzÂ ,Figure's 20,"New Zealand Trade and Enterprise; Spark; Vector; New Zealand Tourism; InternetNZ; The Tindall Foundation; IAG; Victoria University Wellington; New Zealand Treasury; New Zealand Transport Agency; The Warehouse Group; Callaghan Innovation; Inland Revenue; New Zealand Defence Force; Aukland Tourism, Events and Economic Development; Financial Markets Authority; Westpac",,,Other - Statistics; Visualisation / dashboard,New Zealand,43 TTI
FRED (Federal Reserve Economic Data),fred.stlouisfed.orgÂ ,Federal Reserve of St Louis,,,,Data source; Data portal; Other - Statistics; Visualisation / dashboard; Digital reports,,44 TTI
Digital look,"finance.digitallook.com ",,,,,Data portal; Data services,,45 TTI
Fur Commission USA,https://furcommission.com/fur-industry-statistics/,Fur Commission USA,,,,Other - Statistics; Digital reports; Data portal,USA,46 TTI
Trading Charts,"futures.tradingcharts.com ",Intercontinental Exchange,,,,Data services,,47 TTI
Gabon Data Portal,gabon.opendataforafrica.orgÂ ,African Development Bank,,,African Development Bank,Data portal,Gabon,48 TTI
United Nations Conference on Trade and Development,https://unctad.org/statistics,,,,,Data platform; Flexible analysis platform; Data portal; Visualisation / dashboard; Other - Statistics,,49 TTI
Global Edge,globaledge.msu.eduÂ ,,,,,Other - Statistics,,50 TTI
Trade Visualisation System,https://globaletrade.services/products/trade-visualization-system-tvs,GeTS Asia Pte Ltd,,,,Visualisation / dashboard,Global,51 TTI
Gro Intelligence,https://gro-intelligence.com/data,Gro Intelligence,,,,Flexible analysis platform; Other - Statistics; Library/catalogue; Data portal,Agriculture,53 TTI
Library of Congress,https://guides.loc.gov/sugar-cane-industry/print-international,,,,,Data portal; Digital reports; Library/catalogue,,54 TTI
High Commission of India in Tanzania,hcindiatz.gov.inÂ ,High Commission of India in Tanzania,,,,Other - Statistics,India; Tanzania,55 TTI
Hong Kong Data Centre,hong-kong-economy-research.hktdc.comÂ ,Hong Kong Trade Development Council,,,,Other - Statistics; Digital reports,,56 TTI
"Multi-Criteria Analysis Shell for Spatial Decision Support (MCAS-S) ",http://mcas.ternlandscapes.net.au/mcas-s/," Australian Bureau of Agricultural and Resource Economics and Sciences",Australian Government Department of Agriculture and Water Resources; TERN,QRIS Cloud,,Decision-support tool; Flexible analysis platform; Visualisation / dashboard,Australia,58 TTI
CybexExim Solutions,http://www.cybex.in/,,,,,Decision-support tool; Data portal,India,59 TTI
"FAOStat ",http://www.fao.org/faostat/en/#data,FAO,,FAO,Unspecified,Data source,,3
OECD data,https://data.oecd.org/,,,,,Data portal,,62 TTI
Eurostat,https://ec.europa.eu/eurostat,European Union,EU; EEA; Switzerland,,,Data portal,Europe,63 TTI
Statistics explained,https://ec.europa.eu/eurostat/statistics-explained/index.php/Main_Page,,,,,Library/catalogue; Other - Statistics; Other - initiative/organisation,,64 TTI
Crop market observatory,https://ec.europa.eu/info/food-farming-fisheries/farming/facts-and-figures/markets/overviews/market-observatories/crops_en,European Commission,,,,Other - Statistics; ; Data portal,,65 TTI
EU Meat Market Observatory,https://ec.europa.eu/info/food-farming-fisheries/farming/facts-and-figures/markets/overviews/market-observatories/meat_en,,,,,Data portal,,66 TTI
Sugar market observatory,https://ec.europa.eu/info/food-farming-fisheries/farming/facts-and-figures/markets/overviews/market-observatories/sugar_en,,,,,Other - Statistics; Data portal,,67 TTI
EU statistics on trade,https://ec.europa.eu/trade/policy/countries-and-regions/,,,,,Other - Statistics,,68 TTI
EC Statistics,https://ec.europa.eu/trade/policy/countries-and-regions/statistics/regions/index_en.htm,,,,,Other - Statistics,,69 TTI
Panjiva,https://es.panjiva.com/,,,,,Flexible analysis platform; Data services,,70 TTI
Market access database,https://madb.europa.eu/madb/statistical_form.htm,European Commission,,,,Data portal,Europe; global,73 TTI
Trade Data Online (Government of Canada),https://strategis.ic.gc.ca/eic/site/tdo-dcd.nsf/eng/Home,Government of Canada,,,,Visualisation / dashboard; Data portal,Canada; USA; global,75 TTI
Trade Data Monitor,https://tradedatamonitor.com/?gclid=CjwKCAjwydP5BRBREiwA-qrCGvKD_bLXXsRglz7jQGsrVaN_eVsZMrWpniqp_oBTtcj-vEkGNdpqwBoCTswQAvD_BwE,Trade Data Monitor Inc.,,,,Database,,77 TTI
UNCTAD,https://unctad.org/en/Pages/statistics.aspx,UNCTAD,,,,Other - Statistics,,79 TTI
World Integrated Trade Solution,https://wits.worldbank.org/,,,,,Visualisation / dashboard,,80 TTI
COTTON PORTAL,https://www.cottonportal.org/cotton,,,,,Data portal,,81 TTI
Ireland National Statistics Office,https://www.cso.ie/en/statistics/externaltrade/,Central Statistics Office,,,,Database,Ireland; Global,82 TTI
Australian Government Department of Foreign Affairs and Trade,https://www.dfat.gov.au/trade/resources/Pages/trade-and-investment-data-information-and-publications,Department of Foreign Affairs and Trade Australian Government,,,,Data portal; Digital reports,,83 TTI
Moody's analytics Economics.com,https://www.economy.com,Moody's Corporation,,,,Data portal; Data services,,84 TTI
Forest Products Trade Flow database,https://www.efi.int/knowledge/databases/fptf,European Forest Institute,,,,Database,,85 TTI
USDA Economic research unit,https://www.ers.usda.gov/data-products/,Economic Research Service United States Department of Agriculture,,,,Visualisation / dashboard; Data source,,86 TTI
Export Genius,https://www.exportgenius.in/search-live-data.php,,,,,Data portal,,87 TTI
USDA Foreign Agricultural service,https://www.fas.usda.gov/data,United States Department of Agriculture Foreign Agricultural Service,,,,Database,United States; Global,88 TTI
International Energy Agency,https://www.iea.org/data-and-statistics?country=WORLD&fuel=Energy%20supply&indicator=Total%20primary%20energy%20supply%20(TPES)%20by%20source,International Energy Agency,,,,Data portal,Global,90 TTI
IMF Data / World Economic Outlook Database,https://www.imf.org/en/data,International Monetary Fund,,,,Data portal; Database,,91 TTI
Index Mundi,https://www.indexmundi.com/facts/visualizations/merchandise-exports/,Index Mundi,,,,Visualisation / dashboard,,92 TTI
Ministry for Primary Industries New Zealand,https://www.mpi.govt.nz/news-and-resources/economic-intelligence-unit/data/,,,,,Data portal; Other - Statistics,,93 TTI
we.trade,https://www.nordea.com/en/our-services/tradefinance/wetrade/,,,,,Data services,,94 TTI
Department of Statistics Singapore,https://www.singstat.gov.sg/find-data/search-by-theme?type=all,Department of Statistics Singapore,,,,Other - Statistics; Digital reports,Singapore,95 TTI
US Department of Commerce International trade administration,https://www.trade.gov/trade-data-analysis,,,,,Data source; Other - Statistics,,96 TTI
TradeMapper,https://www.traffic.org/what-we-do/projects-and-approaches/trade-monitoring/,Traffic,WWF-UK,,,Visualisation / dashboard; Flexible analysis platform,,98 TTI
United Nations Office on Drugs and Crime,https://www.unodc.org/unodc/en/wildlife-and-forest-crime/index.html,UNDOC,,,,Other - Statistics,,99 TTI
World Economic Forum,https://www.weforum.org/platforms/shaping-the-future-of-trade-and-global-economic-interdependence,World Economic Forum,World Trade Organisation,,,Other - initiative/organisation,,100 TTI
WTO International trade and market access data,https://www.wto.org/english/res_e/statis_e/statis_bis_e.htm,,,,,Visualisation / dashboard,,101 TTI
Statistics Canada,https://www150.statcan.gc.ca/n1/pub/13-605-x/prod-eng.htm,Statistics Cananda,,,,Data portal,Canada,102 TTI
Import key,"importkey.com ",,,,,Data portal,United States,104 TTI
Kenya Data Portal,kenya.opendataforafrica.orgÂ ,Kenya National Bureau of Statistics; African Development Bank,,,African Development Bank,Data portal,Kenya,105 TTI
Knoema,knoema.comÂ ,,,,,Data services; Visualisation / dashboard,,106 TTI
Trade stat Express,http://tse.export.gov/TSE/TSEhome.aspx,International Trade Administration US Department of Commerce,,,,Other - Statistics; Data portal; Visualisation / dashboard,United States,107 TTI
Open data for Malawi,malawi.opendataforafrica.orgÂ ,Reserve Bank of Malawi; African Development Bank,,,African Development Bank,Data portal,Malawi,108 TTI
Malawi trade information portal,https://mitc.mw/trade/,Malawi Investment and Trade Centre,,,,Data portal; Digital reports; Data services; Database,Malawi,109 TTI
"USDA Foreign Agricultural Service Export sales query ",https://apps.fas.usda.gov/esrquery/,United States Department of Agriculture Foreign Agricultural Service,,,,Data portal,USA,110 TTI
"USDA Production, Supply and Distribution",https://apps.fas.usda.gov/psdonline/app/index.html#/app/home,United States Department of Agriculture Foreign Agricultural Service,,,,Data portal; Digital reports,USA,111 TTI
Open Africa,open.africaÂ ,,,,,Flexible analysis platform; Other - repository; Other - initiative/organisation; Digital reports,,113 TTI
Our World in Data,ourworldindata.orgÂ ,Oxford Martin Programme on Global Development,University of Oxford; Global Change Data Lab,,,Visualisation / dashboard; Digital reports,Global,114 TTI
Trase,https://trase.earth/,Global Canopy Programme; Stockholm Environment Institute,Vizzuality; EFI,,GEF; WWF; EU; Gordon and Betty Moore Foundation; The Nature Conservancy; UK Aid; FORMAS; NICFI,Decision-support tool,,88
Resource trade.earth,resourcetrade.earth,Chatham House,Global Landscapes Initiative,Applied Works,MAVA; UK Aid; Institute on the Environment University of Minnesota,Visualisation / dashboard; Other - Statistics,,115 TTI
The Ricardo Project,http://ricardo.medialab.sciences-po.fr/#/,,,,,Database; Visualisation / dashboard,,116 TTI
Santander Trade,santandertrade.comÂ ,Santander,,,,Data services,,117 TTI
Supporting Economic Transformation (SET),set.odi.orgÂ ,Overseas Development Institute,"African Centre for Economic Transformation; South Asia Watch on Trade, Economics and Environment; Kenya Association of Manufacturers; The Centre for New Structural Economics; The Nigerian Economic Sumit Group; ESRF; New Climate Economy; REPOA; IAS; UNECA; TFPRI; OECD; CDRI",,,Data portal; Digital reports; Other - initiative/organisation,,118 TTI
Seychelles Data Portal,seychelles.opendataforafrica.orgÂ ,"National Bureau of Statistics Seychelles; ",,,African Development Bank,Data portal; Visualisation / dashboard; Other - Statistics,Seychelles,119 TTI
Soy Canada,soycanada.caÂ ,Soy Canada,,,,Other - Statistics,Canada,120 TTI
World Trade Organisation,https://www.wto.org/english/res_e/statis_e/statis_e.htm,,,,,Data portal,,121 TTI
Sudamerico,sudamerico.com,,,,,Data portal; Visualisation / dashboard,,122 TTI
Trade Monitoring Database,tmdb.wto.orgÂ ,World Trade Organisation,,,,Database,,124 TTI
Tanzania data portal,"tanzania.opendataforafrica.org ",Tanzania National Bureau of Statistics,,,African Development Bank,Data portal; Other - Statistics; Visualisation / dashboard,Tanzania,125 TTI
Trade Facilitation Agreement database,"tfadatabase.org ",World Trade Organisation,,,,Database,,126 TTI
The Netherlands Environmental Assessment Agency,https://www.pbl.nl/en,The Netherlands Environmental Assessment Agency,,,,Visualisation / dashboard; Digital reports,Netherlands,127 TTI
CITES Trade Database,http://trade.cites.org,UNEP-WCMC; CITES Secretariat,,UNEP-WCMC on behalf of the CITES Secretariat,Unspecified,Data source,,21
" country-profile ","trade4devnews.enhancedif.org ",Enhanced Integrated Framework,,,,Other - initiative/organisation,,129 TTI
International Trade Council,"tradecouncil.org ",,,,,Data source,,130 TTI
United States Census,https://www.census.gov/foreign-trade/index.html,United States Census Bureau (US Department of Commerce),,,,Other - Statistics; Visualisation / dashboard,USA,132 TTI
UNCTAD e-Handbook of Statistics,https://stats.unctad.org/handbook/,UNCTAD,,,,Other - Statistics; Digital reports,,133 TTI
UNCTAT STAT,https://unctadstat.unctad.org/wds/ReportFolders/reportFolders.aspx,UNCTAD,,,,Data portal; Visualisation / dashboard; Other - Statistics,,134 TTI
UN statistics,unstats.un.orgÂ ,United Nations Statistics Division (UNSD),,,,Data portal,,135 TTI
"USDA Economics, Statistics and Market Information System (ESMIS)",usda.library.cornell.eduÂ ,,,,,Digital reports,,136 TTI
Global Trade Tracker,https://www.globaltradetracker.com/start/,Zen Innovations AG,,,,Other - Statistics,,137 TTI
Verigates,verigates.bureauveritas.comÂ ,,,,,Data services; Digital reports,,138 TTI
Coalition to end wildlife trafficking online,wildlifetradetracker.org,WWF; TRAFFIC; IFAW,,,,Other - initiative/organisation,,139 TTI
World Trade Daily,worldtradedaily.wordpress.comÂ ,,,,,Digital reports; Data services,,141 TTI
Australian Department of Agriculture,https://www.agriculture.gov.au/abares/research-topics/agricultural-outlook/data#agricultural-commodities,"Department of Agriculture, Water and the Environment Australian Government",,,,Data portal; Other - Statistics,Australia,142 TTI
International bamboo and Rattan Organisation,"www.airca.orgÂ â€ºÂ airca-resourcesÂ â€ºÂ other-articlesÂ â€ºÂ 24-
gGl..lobal.",,,,,Database,,143 TTI
USA Trade Online,https://usatrade.census.gov/,,,,,Data source; Visualisation / dashboard,,144 TTI
Beaureau of Economic analysis,www.bea.govÂ ,US Department of Commerce,,,,Other - Statistics,,145 TTI
Export Genius,www.brazilexim.comÂ ,,,,,Data portal,,146 TTI
Cameroon Trade Hub,www.cameroontradehub.cmÂ ,,,,,Other - Statistics,,147 TTI
CEIC,www.ceicdata.comÂ ,,,,,Database; Data portal; Data services; Flexible analysis platform,Global;Brazil;China;India;Indonesia;Russia,148 TTI
Cepea,https://www.cepea.esalq.usp.br/en/search-in-the-website-database.aspx,,,,,Database,,149 TTI
Cepii,http://www.cepii.fr/CEPII/en/bdd_modele/bdd_modele.asp,CEPII,,,,Database; Data portal; Digital reports; Other - Statistics,,150 TTI
CIS Countries Trade Data,www.cistradedata.comÂ ,,,,,Data portal,"Uzbekistan, Russia, Kazakhstan, Ukraine,",151 TTI
CountryStat,www.countrystat.orgÂ ,,,,,Other - Statistics,,152 TTI
Trade Statistics of Japan,https://www.customs.go.jp/toukei/info/tsdl_e.htm,,,,,Other - Statistics,Japan,153 TTI
Vietnam Customs,https://www.customs.gov.vn/Lists/EnglishStatistics/Default.aspx?language=en-US,,,,,Other - Statistics,,154 TTI
Descartes Datamyne,www.datamyne.comÂ ,,,,,Data services; Data portal; Flexible analysis platform,,156 TTI
Direct China Chamber of Commerce China Database,https://www.dccchina.org/services/china-data/,DCCChina,,,,Database,China,157 TTI
Statistisches Bundesamt (Destatis),www.destatis.deÂ ,Federal Statistical Office,,,,Data portal,Germany,159 TTI
Environmental Conservation Online Syatem (ECOS),https://ecos.fws.gov/ecp/,US Fish and Wildlife Service,,,,Digital reports,,160 TTI
Export Genius,www.ethiopianimporter.comÂ ,Export Genius,,,,Data portal,Ethiopia,161 TTI
E to China,www.e-to-china.comÂ ,ETCN,,,,Database,China,162 TTI
FLEGT Independent Market Monitor,https://stats.flegtimm.eu/,,,,,Visualisation / dashboard,,163 TTI
Global Timber,www.globaltimber.org.ukÂ ,,,,,Other - Statistics,,164 TTI
Global Trade Online Limited,www.gtodata.comÂ ,,,,,Data portal,,165 TTI
"Happily Trade EXIM ",https://www.happilytrade.com/global-trade-data/,Happily Trade Exim,,,,Database,,166 TTI
"India Ministry of Commerce and Industry ",http://dashboard-commerce.gov.in/,Ministry of Commerce and Industry Government of India,,,,Visualisation / dashboard,,167 TTI
International Cocoa Organization,www.icco.org,International Cocoa Organization,,,,Other - Statistics; Other - initiative/organisation,,168 TTI
"International Council of Hides, Skins and Leather Traders Association",www.ichslta.comÂ ,International Coffee Organization,,,,Digital reports,,169 TTI
International Coffee Organization,www.ico.org,International Coffee Organization,,,,Other - Statistics; Other - initiative/organisation,,170 TTI
India Agristat,www.indiaagristat.comÂ ,Datanet India,,,,Other - Statistics,India,171 TTI
International Trade Centre (ITC),www.intracen.orgÂ ,UNCTAD; WTO,,,,Data portal; Visualisation / dashboard; Other - Statistics,"Global (mostly LDCs, LLDCs, SIDS, Sub-Saharan Africa, SVEs, post conflict and fragile states)",172 TTI
International Sugar Oirganization Sugar Bulletin,http://www.isosugar.org/publications/5/statistical-bulletin,International Sugar Organisation,,,,Other - Statistics; Other - initiative/organisation; Digital reports,,173 TTI
International Tropical Timber Organization,"www.itto.intÂ â€ºÂ news_releases
Tropical timber, bamboo and rattan could help b",,,,,Other - Statistics,,174 TTI
"Republic of Kenya Ministry of Agriculture, Livestock and Fisheries",http://www.kilimo.go.ke/dataset/,"Republic of Kenya Ministry of Agriculture, Livestock and Fisheries",KARLO,,,Data source; Other - Statistics,Kenya,175 TTI
The United Republic of Tanzania Ministry of Agriculture,www.kilimo.go.tzÂ ,United Republic of Tanzania Ministry of Agriculture,,,,Other - Statistics,Tanzania,176 TTI
Lloyds Bank International Trade Portal,www.lloydsbanktrade.comÂ ,Lloyds Bank,Export Enterprises,,,Data services; Other - Statistics; Digital reports,,177 TTI
LMC,www.lmc.co.ukÂ ,LMC International Ltd,,,,Data services,,178 TTI
Export Genius Mexico Importer,www.mexicoimporter.comÂ ,Export Genius,,,,Database; Data services,Mexico,179 TTI
New Zealand Foreign Affairs and Trade Trade Statistics and Economic Research Division,https://www.mfat.govt.nz/en/trade/trade-statistics-and-economic-research/,New Zealand Foreign Affairs and Trade,Safe Travel,,,Other - Statistics; Digital reports,New Zealand,180 TTI
Meat and Livestock Australia,www.mla.com.auÂ ,,,,,Other - Statistics,,181 TTI
Tanzania CountrySTAT,http://tanzania.countrystat.org/home/en/,,,,,Data portal; Visualisation / dashboard,,182 TTI
National Coffee Association USA,www.ncausa.orgÂ ,National Coffee Association,,,,Other - initiative/organisation; Digital reports,,183 TTI
NCB Data,www.ncbdata.comÂ ,Shanghai NCB Consultation Co,,,,Database; Visualisation / dashboard,,184 TTI
UK Regions Imports and Exports of Goods by Country and World Region,https://uktradeingoodsmap.nisra.gov.uk/?reporter=NI&partner&commodity&year=2019,UK Govt,,NISRA - Northern Ireland Statistics and Research Agency,,Visualisation / dashboard,,185 TTI
Oil World,https://www.oilworld.biz/t/statistics/commodities,Oil World (ISTA Mielke GmbH),,,,Other - Statistics; Data services; Digital reports,,186 TTI
Office of National Statistics,www.ons.gov.ukÂ ,Office for National Statistics,,,,Data source; Other - Statistics; Digital reports,,187 TTI
Palm Oil Analytics,www.palmoilanalytics.comÂ ,Palm Oil Analytics,,,,Data portal; Digital reports,,188 TTI
Philippines Trade Data,www.philippinestradedata.comÂ ,,,,,Data portal; Other - Statistics,Philippines,189 TTI
Refinitiv,www.refinitiv.comÂ ,Refinitiv,,,,Data portal; Other - Statistics,,190 TTI
Russia Exim,www.russiaexim.comÂ ,Export Genius,,,,Data portal,Russia,191 TTI
China Africa Research Initiative,www.sais-cari.orgÂ ,Johns Hopkins School of Advanced International Studies,,,Carnegie Corporation of New York; ESRC; UK Aid,Data portal; Other - initiative/organisation; Digital reports,China; Africa,192 TTI
Seair Exim Solutions,www.seair.co.inÂ ,,,,,Database,India and USA,193 TTI
Foreign Trade Information Service,www.sice.oas.orgÂ ,,,,,Data portal,,194 TTI
Statista,www.statista.comÂ ,Statista,,,,Other - Statistics; Digital reports; Visualisation / dashboard; Data services,,195 TTI
National Bureau of Statistics China,www.stats.gov.cnÂ ,National Bureau of Statistics China,,,,Other - Statistics,,196 TTI
New Zealand Trade Dashboard,https://statisticsnz.shinyapps.io/trade_dashboard/,Stats NZ,,,,Visualisation / dashboard; Data portal,New Zealand,197 TTI
Sucden,www.sucden.comÂ ,Sucden,,,,Data services; Visualisation / dashboard,,198 TTI
The Coffee Guide,www.thecoffeeguide.orgÂ ,International Trade Centre,,,,Digital reports,,199 TTI
"Â Cameroon ",www.theglobaleconomy.comÂ ,,,,,Other - Statistics; Visualisation / dashboard; Data portal,,200 TTI
The Government of Hong Kong Special Adminitrative Region Trade and Industry Department,https://www.tid.gov.hk/english/aboutus/publications/tradestat/tradestat_maincontent.html,The Government of Hong Kong Special Adminitrative Region Trade and Industry Department,,,,Other - Statistics,Hong Kong,201 TTI
Timber trade portal,www.timbertradeportal.comÂ ,Association Technique Internationale des Bois Tropicaux (ATIBT); European Timber Trade Federation (ETTF); Form International,International Tropical Timber Organization (ITTO); European Sustainable Tropical Timber Coalition (STTC); French Fund for the World Environment (FFEM); European Union (EU),,,Other - initiative/organisation; Digital reports; Other - Statistics,,202 TTI
International Trade Administration,www.trade.gov,International Trade Administration US Department of Commerce,,,,Database; Digital reports; Other - Statistics,USA,203 TTI
GlobalTrade Data Pty. Ltd. (GTD),www.tradedata.hkÂ ,,,,,Digital reports; Data portal; Data services,Asia,204 TTI
TradeData International,www.tradedata.netÂ ,,,,,Data services; Visualisation / dashboard,,205 TTI
Trade Map,www.trademap.orgÂ ,,,,,Visualisation / dashboard,,207 TTI
Trade Law Centre (TRALAC),www.tralac.orgÂ ,Tralac,,,Swiss State Secretariat for Economic Affairs; Swedish International Development Agency (SIDA); United States Agency for International Development (USAID); Australian Volunteers for International Development (AVID),Other - initiative/organisation; Digital reports,,208 TTI
HM Revenue and Customs,www.uktradeinfo.comÂ ,UK Govt,,,,Data source; Other - Statistics; Visualisation / dashboard,,209 TTI
Urner Barry,www.urnerbarry.com,,,,,Data portal,Red meat,211 TTI
US Trade Numbers WorldCity,www.ustradenumbers.comÂ ,,,,,Data portal; Visualisation / dashboard,,212 TTI
Vietnam Trades,www.vietnamtrades.comÂ ,,,,,Database,,213 TTI
Volza,www.volza.comÂ ,Volza,,,,Data services; Visualisation / dashboard; Flexible analysis platform,,215 TTI
World Coffee Portal,www.worldcoffeeportal.comÂ ,,,,,Digital reports; Visualisation / dashboard; Data services,,217 TTI
Worlds Top Exports,www.worldstopexports.comÂ ,,,,,Other - Statistics; Digital reports,,218 TTI
Â global-trade-dataÂ ,www.xportmine.comÂ ,,,,,Data portal,,219 TTI
"Law Enforcement Management Information System (LEMIS) ",https://zenodo.org/record/3565869#.XzZ5cNOWxPZ,Ecohealth Alliance; United States Fish and Wildlife Service,,,CERN; OpenAIRE; EU,Data source; Digital reports,UK,220 TTI
"Global Federation of Competitiveness Council (GFCC) competitiveness decoder ",http://decoder.thegfcc.org,Global Federation of Competitiveness Councils (GFCC),,Global Federation of Competitiveness Councils,Brazilian Agency for Industrial Development,Decision-support tool,,4
"Global Economic Dynamics ",http://viz.ged-project.de,,,Dr Jan Arpe; 9elements; Prognos; Raureif; Prof Boris Muller,Unspecified,Decision-support tool,,5
Global Forest Watch,https://www.globalforestwatch.org/,World Resources Institute,see: https://www.globalforestwatch.org/about,"World Resources Institute
Bobolink Foundation
BlueRaster
Center for Global Development
Carto
Danida
ESRI
GEF
Google
Imazon
Norwegian Ministry of Climate and Environment
Ministry of Foreign Affairs of the Netherlands
OSFAC
ScanEx
The Jane Goodall Institute
Swedish International Development Cooperation Agency
The Tilia Fund
USAID
UK aid
UNEP
University of Maryland
Vizzuality
Transparent World
Global Forest Watch Canada",Cargill; GEF; IDB; Generation Foundation; IDB Invest; MacArthur Foundation; Norwegian Ministry of Climate and Environment; UK Aid; USAID,Data source,,322
"Hanse ",http://hanse.biz,,,Hanse International Trade Analytics,Unspecified,Decision-support tool,,7
"NAFTA trade flows ",https://blogs.thomsonr,,,Thomson Reuters,Unspecified,Data source,USA; Mexico; Canada,9
"NAICS (North  American Industry Classification System) related party database ",http://relatedparty.ftd.census.gov,,,US Census Bureau,Unspecified,Data source,,10
"OECD.Stat ",http://stats.oecd.org/,OECD,,Organisation for Economic Co-operation and Development,Unspecified,Data source,,11
"Resource Trade ",http://resourcetrade.earth,Chatham House,,"Chatham House; Global Landscape Initiative of the Institute on the Environment at the University of Minnesota
Applied Works","MAVA
UK Aid",Database; Visualisation / dashboard,,12
"Species+ ",https://www.speciesplus.net/,UNEP-WCMC; CITES Secretariat,,UNEP-WCMC; CITES Secretariat,,Data source,,15
"Atlas of Economic Complexity ",http://atlas.cid.harvard.edu,"Center for International Development (CID), Harvard University",,"Center for International Development (CID), Harvard University","Alejandro Santo Domingo
BBVA
CAV Development
Bank of Latin America
The Coppel Group
International Centre for Sports Security
Investec Asset Management
Mindteck
US International Trade Commission",Visualisation / dashboard; Other - Statistics,,18
"Globe of Economic Complexity ",http://globe.cid.harvard.edu,"Center for International Development (CID), Harvard University",," Owen Cornec
 Romain Vuillemot
 Center for International Development Harvard",Unspecified,Other - Statistics; Visualisation / dashboard,,19
"Observatory of Economic Complexity ",http://oec.world,,,"Alexander Simoes
MIT",Unspecified,Visualisation / dashboard,,20
Trade Map Explorer,http://trademap.org,,,International Trade Center UNCTAD/WTO (ITC),Unspecified,Decision-support tool,,22
"TrendEconomy ",https://trendeconomy.com,Trend Economy,,TrendEconomy,Unspecified,Data portal,,24
UN Comtrade (database and Labs),http://comtrade.un.org,UN Statistics Division,,UN Statistics Division,Unspecified,Other - repository; Other - Statistics; Data portal; Flexible analysis platform,,25
"UN data ",http://data.un.org,UN Statistics Division,Statistics Sweden; Gapminder Foundation; UN DESA,"UN Statistics Division
Statistics Sweden
Gapminder Foundation
 UN DESA",Swedish International Development Cooperation Agency (SIDA) (partial funding),Data portal,,28
"World Integrated Trade Solution (WITS) ",https://wits.worldbank.org,World Bank; UNCTAD; UNSD; WTO,,World Bank; UNCTAD; UNSD; WTO,Unspecified,Flexible analysis platform; Visualisation / dashboard,Global,29
Agroideal,https://agroideal.org/en/,"The Nature Conservancy, agrosatelite, supernova design, Fundacion ProYungas",,,,Flexible analysis platform,"Brazil, Argentina",196
Bonsucro,https://www.bonsucro.com/what-is-bonsucro/,,,,,Other - initiative/organisation,,198
Earth Time,https://earthtime.org/,"The Community Robotics, Education and Technology Empowerment Lab (CREATE Lab)Â ",,,,Flexible analysis platform,Global,199
Global Forest Watch Pro,https://pro.globalforestwatch.org/about,Global Forest Watch and World Resources Institutes's,,,,Flexible analysis platform,Global,201
IDH the Sustainable Trade Initiative,https://www.idhsustainabletrade.com/impact/mitigation-of-deforestation/,IDH,,,,Other - initiative/organisation,Indonesia; Brazil,204
IKnowFood,https://iknowfood.org/about-us/,"University of York, the Universities of Liverpool, Manchester",,,,Flexible analysis platform,United Kingdom,205
INBAR International Network for Bamboo and Rattan,https://www.inbar.int/about-inbar/#1,,,,,Flexible analysis platform,,206
Innovative Farmers,https://www.innovativefarmers.org/about/,"Waitrose DUCHY Organic, Soil Association, The prince of Wales Charitable Fund, Organic Research Centre ELM Farm, Innovation for Agriculture, LEAF",,,,Other - initiative/organisation,United Kingdom,207
IOTA Ecosystem,https://ecosystem.iota.org/,IOTA Foundation,,,,Flexible analysis platform,,208
Life Cycle Initiative,https://www.lifecycleinitiative.org/about/about-lci/,UN Environment,,,,Flexible analysis platform,,209
Linking Environment and Farming (LEAF),https://leafuk.org/about-leaf/what-we-do,,,,,Flexible analysis platform,United Kingdom,210
N8AgriFood,https://www.n8agrifood.ac.uk/,"University of Durham, Lancaster, Leeds, Liverpool, Manchester, Newcastle, Sheffield and York.",,,,Flexible analysis platform,,211
Safe trace,https://www.agrotransparencia.com.br/homeenglish,"PWC, The nature Conservancy, CPQD, Sebrae, ApexBRasil",,,,Flexible analysis platform,,212
Solidaridad Network,https://www.solidaridadnetwork.org/,,,,,Flexible analysis platform,,214
Supply Chain Transparency Network,https://www.gc-dz.com/exec?m=sctndd&u=auto_login__sctn,Global Canopy Programme; SEI,,,,Flexible analysis platform,,215
"Sustainable and Healthy Food Systems (SHEFS) ",https://shefsglobal.lshtm.ac.uk/,"The Food Foundation, London School of Hygiene $ Tropical Medicine, City University of London, RVC, SOAS, Centre for Chronic Disease Control, UCL, University of Aberdeen, University of Kwazulu-Natal, ATREE",,,,Flexible analysis platform,"United Kingdom, South Africa, India",216
Switch Med,https://www.switchmed.eu/en,"UNIDO, UNEP, UNEP/MAP, Regional Activity Centre for Sustainable Consumption and Production, ",,,,Other - initiative/organisation,Mediterranean,217
The International Panel of Experts on Sustainable Food Systems (IPES-Food),http://www.ipes-food.org/about/,,,,,Other - initiative/organisation,Europe; West Africa,218
The Socially and Environmentally Sustainable Oil Palm Reserarch Sensor Project (SENSOR),http://www.sensorproject.net/,"South East Asia Rainforest Research Partnership (SEARRP) ",,,,Other - initiative/organisation,,219
Sedex,https://www.sedexglobal.com/about-us/,,,,,Flexible analysis platform,,220
World Benchmarking Alliance,https://www.worldbenchmarkingalliance.org/about-us/,,,,,Flexible analysis platform,,221
The Organisation for Economic Co-operation and Development (OECD,https://www.oecd.org/about/,,,,,Other - initiative/organisation,,222
Sustainable Natural Rubber Initiative (SNR-i),http://snr-i.org/,,,,,Other - initiative/organisation,,224
"Forest, Trees and Agroforestry (FTA)",http://www.foreststreesagroforestry.org/what-is-fta/,Center for International Forestry Research (CGIAR),"Bioversity International,Â CATIE,Â CIRAD, theÂ International Network for Bamboo and Rattan,Â Tropenbos International, and theÂ World Agroforestry",,,Data source; Other - initiative/organisation,,225
Saving Tomorrowâ€™s Agriculture Resources (STAR) program,https://starfreetool.com/about,Champaign County Soil and Water Conservation District,,,,Flexible analysis platform,USA,226
AGWater Challenge,https://www.ceres.org/sites/default/files/files/AWC%20Criteria%20-%202018.pdf,"Ceres, WWF",,,,Flexible analysis platform,,227
Global Landscapes forum (GLF),https://www.globallandscapesforum.org/,"Center for International Forestry Research (CIFOR), in collaboration with its co-founders UN Environment and the World Bank and Charter Members",,,,Flexible analysis platform,,228
Sustainable Rice Platform (SRP),http://www.sustainablerice.org/,UN Environment and International Rice Research Institute (IRRI),,,,Other - initiative/organisation,,229
High Conservation Values Resource Network (HCV),https://hcvnetwork.org/,"World Resources Institute, Forest People Programme, WWF, mondi, Olam, gar, FSC, Proforest, RSPO,",,,,Other - initiative/organisation,,230
Ceres,https://www.ceres.org/index.php/about-us,,,,,Other - initiative/organisation,,231
Business for Water Stewardship network,https://businessforwater.org/about,Bonneville Environmental Foundation,,,,Other - initiative/organisation,USA,232
IRIS+,https://iris.thegiin.org/standards/,Global Impact Investing Network,,,,Decision-support tool,,233
LBG Framework,http://www.lbg-online.net/about/,Corporate Citizenship,,,,Flexible analysis platform,,234
Association for Supply Chain Management,http://www.apics.org/about/overview,Association for Supply Chain Management,,,,Flexible analysis platform,,235
B Impact Assessment,https://bimpactassessment.net/node/464,B Lab,,,,Other - initiative/organisation,,236
Access to Nutrition Foundation (ATNF),https://accesstonutrition.org/about-us/,,,,,Other - initiative/organisation,,237
Sustainability Accounting Standards Board (SASB),https://www.sasb.org/standards-overview/materiality-map/,Sustainability Accounting Standards Board,,,,Decision-support tool,,238
Sopact,https://www.sopact.com/,"Social Value International, Impact Management PRoject, UN Sustainable Development Goals, GIIN, Feedback Labs",,,,Flexible analysis platform,,239
Global Innovation Exchange (GIE),https://www.globalinnovationexchange.org/about,,,,,Flexible analysis platform,,240
Sustainable Coffee Challenge,https://www.sustaincoffee.org/about/,,,,,Flexible analysis platform,,241
World Cocoa Foundation,https://www.worldcocoafoundation.org/,,,,,Flexible analysis platform,,243
Alliance for Zero Extinction (AZE),https://zeroextinction.org/the-alliance/partner-list/,"GEF, UNEP, American Bird Conservancy, Birdlife Internation, IUCN",,,,Other - initiative/organisation,,244
THESIS,https://www.sustainabilityconsortium.org/what-we-offer/thesis/,The Sustainability Consortium (TSC),,,,Flexible analysis platform,,245
Evidensia,https://www.evidensia.eco/how-to-use-evidensia/why-evidensia/,"ISEAL Alliance, Rainforest Alliance, WWF",,,,Decision-support tool,,246
The Global Value Toolkit,https://www.global-value.eu/toolkit/,"Institute for Managing Sustainability,Â Vienna University of Economics & Business",,,European Union FP7,Data portal,,247
True Impact,http://www.trueimpact.com/about-corporate-social-responsibility-company,,,,,Other - initiative/organisation,,248
Carbon Trust,https://www.carbontrust.com/about-us/,Carbon Trust,,,,Other - initiative/organisation,,249
Global Impact Investing Network (GIIN),https://thegiin.org/about/,,,,,Other - initiative/organisation,,250
Cool Farm Alliance (CFA),https://coolfarmtool.org/coolfarmtool/,,,,,Decision-support tool,,251
Sustainable Food Lab,https://sustainablefoodlab.org/initiatives/#!/measurement-tools-and-frameworks,,,,,Data portal,,252
Global Coffee Platform,https://www.globalcoffeeplatform.org/tools/gcp-progress#about,,,,,Data portal,"Brazil, Indonesia, Tanzania",253
The National Biodiversity Network (NBN),https://nbn.org.uk/about-us/who-we-are/,,,,,Data portal,,254
Global Biodiversity Model (GLOBIO model),https://www.globio.info/,"PBL, UNEP GRID-Arendal and UNEP-WCMC.",,,,Flexible analysis platform,,255
ReCiPe,https://www.rivm.nl/en/life-cycle-assessment-lca/recipe,"Radboud University in Nijmegen, RIVM, NTNU Trondheim and PRÃ©",,,,Flexible analysis platform,,256
Co$ting Nature,http://www.policysupport.org/costingnature,"King's College London, AmbioTEK, UNEP-WCMC",,,,Flexible analysis platform,,287
Ecopath with EcosimÂ (EwE),https://ecopath.org/,Ecopath International Initiative,,,,Flexible analysis platform,,259
Projecting Responses of Ecological Diversity In Changing Terrestrial Systems (PREDICTS),https://onlinelibrary.wiley.com/doi/full/10.1002/ece3.2579,"Natural History Museum, UNEP-WCMC.",,,,Flexible analysis platform,,261
Spatially Explicit Information on Production to Consumption Systems (SEI-PCS),https://www.sei.org/wp-content/uploads/2019/03/sei-2019-p2cs-summary-sei-pcs.pdf,Stockholm Environment Institute,,,,Model,,262
The Madingley Model. General Ecosystem Model (GEM),https://journals.plos.org/plosbiology/article?id=10.1371/journal.pbio.1001841,"UNEP-WCMC, UCLK, Imperial College, University of Copenhagen, Cambridge University, Stockholm Resilence Centre, Radbound University, ZSL, Nereus Program, Northern Arizona University. ",,,,Flexible analysis platform,,263
PRINCE,http://www.prince-project.se/,"KTH, Universiteit Leiden, TNO, SEI, NTNU, Statistiska centralbyran, Chalmers",,,,Data source,Sweden,264
IOTA - SEI,https://www.sei.org/projects-and-tools/tools/iota/,Stockholm Environment Institute,Defra,,,Model,,265
Supply Chain Operations Reference model (SCOR),https://www.apics.org/apics-for-business/frameworks/scor,Association for Supply Chain Management,,,,Model,,267
AI for Earth,https://www.microsoft.com/en-us/ai/ai-for-earth,Microsoft,OceanMind; Wild Me; SiliviaTerra; Ag-Analytics,,n/a,Data portal,,268
ArcGIS Living Atlas of the World,"https://livingatlas.arcgis.com/en/ ",ESRI;ZSL;TNC;Conservation International;WWF;UK Natural History Museum;GBIF;Yale Map of Life;CSC Biodiversity;IIASA;NatureServe;GEO BON;University of Porto;Sustainable Development Solutions Network,ZSL;TNC;Conservation International;WWF;UK Natural History Museum;GBIF;Yale Map of Life;CSC Biodiversity;IIASA;NatureServe;GEO BON;University of Porto;Sustainable Development Solutions Network,,,Data source,Global,34
Benefit Transfer Toolkit,https://my.usgs.gov/benefit-transfer/,USGS,n/a,,"Bureau of Land Management, the National Park Service, and the USGS Sustaining Environmental Capital Initiative. Development of the USGS Benefit ",Data portal,USA,275
Biodiversity Indicator Partnership Dashboard,https://www.bipindicators.net/,NatureServe,"UNEP, UNEP-WCMC, BIP Secretariat, and 60+ partners
",,"UN Environment Programme, the European Commission and the Swiss Federal Office for the Environment",Data portal,,277
Climate Engine,https://app.climateengine.org/climateEngine,University of Idaho; Desert Research Institute; Google Earth Engine,,,,Flexible analysis platform,,286
Coastal Resilience Decision Support Tools,https://coastalresilience.org,The Nature Conservancy,"Global Disaster Preparedness Center; Microsoft; azavea; Natural Capital Project; NOAA, CISR; spatialdev; United Nations University Institute for Environment and Human Security; esri; International Federation of Red Cross and Red Crescent Societies; the University of Southern Mississippi",,n/a,Decision-support tool,,288
Collect Earth,http://www.openforis.org/tools/collect-earth.html,SERVIR (a joint NASA and USAID program) and FAO,,,,Flexible analysis platform,,289
Commodity Mapping Tool,https://www.sustainabilityconsortium.org/projects/commodity-mapping/,The Sustainability Consortium,,,,Flexible analysis platform,,290
Global Footprint Network - Finance for Change Initiative,https://www.footprintfinance.org/,Global Footprint Network,"UNEP Finance Initiative; Ceres; PRI, South Pole Group",,,Flexible analysis platform,Global,321
UNdata,https://data.un.org/,United Nations Statistics Division (UNSD),,,,Data source,Global,410
Ecosystem Valuation Toolkit (EVT),https://www.eartheconomics.org/ecosystem-valuation-toolkit,Earth Economics,,,,Flexible analysis platform,,68
Global Forest Resources Assessment,http://www.fao.org/forestry/en/,FAO,,,,Data source; Other - Statistics,,93
ENCORE,https://encore.naturalcapital.finance/en,UNEP-WCMC; Natural Capital Finance Alliance,UNEP Finance initiative; Global Canopy,,Swiss State Secretariat for Economic Affairs (SECO); MAVA Foundation,Decision-support tool; Visualisation / dashboard,Global,303
Icebreaker One,https://icebreakerone.org/,Icebreaker One,,,,Other - initiative/organisation,,334
Resource Watch,https://resourcewatch.org/,World Resources Institute,Vizzuality; Carto,,,Library/catalogue,Global,384
Soft Commodity Risk Platform (SCRIPT),https://www.script.finance/en/,"Global Canopy Programme ","WWF, Ceres, CDP, SPOTT",,Gordon and Betty Moore Foundation,Decision-support tool,,393
Contour / InsideBusiness Trade,https://new.ingwb.com/en/trade-solutions/trade-finance-services,Ing,,,,Data services,,
Proagrica,https://img04.en25.com/Web/Proagrica/%7B74568ca7-f8e1-406e-998e-4508a53d014f%7D_4547_100percent_Whitepaper_2.pdf?elqTrackId=23c48fdc50e24c9c967d19fd43f68451&elqaid=457&elqat=2,Proagrica,,,,Decision-support tool; Data services,,
Land Portal,https://landportal.org/,The Land Portal Foundation,,,,Other - initiative/organisation; Data portal; Digital reports,Global,
Biodiversity Footprint Project,https://sayari.co/product-biodiversity-footprint,Sayari,,,Ademe; L'oreal; Kering; Avril,Other - initiative/organisation,,
Earth Map,https://earthmap.org/login,FAO,FAO; Google,,,Flexible analysis platform; Data portal,,
Circular Economy.earth,https://circulareconomy.earth/,Chatham House,,Applied Works,MAVA,Digital reports; Visualisation / dashboard,,